Item Type,Item Title,Description Model,Human Prefers LLM (ratio),LLM Prefers LLM (ratio),Human Prefers LLM - LLM Prefers LLM
movie,a_matter_of_time,gpt-3.5-turbo,1.0,0.5,0.5
movie,aayirathil_oruvan,gpt-3.5-turbo,0.0,0.5,-0.5
movie,aayirathil_oruvan,gpt-4-1106-preview,0.0,0.5,-0.5
movie,amistad,gpt-3.5-turbo,1.0,0.5,0.5
movie,andaru_dongale_dorikithe,gpt-3.5-turbo,1.0,0.5,0.5
movie,arthur_christmas,gpt-3.5-turbo,1.0,0.5,0.5
movie,arthur_christmas,gpt-4-1106-preview,0.6666666666666666,0.5,0.16666666666666663
movie,ask_a_policeman,gpt-3.5-turbo,0.5,0.5,0.0
movie,ask_a_policeman,gpt-4-1106-preview,0.6666666666666666,0.5,0.16666666666666663
movie,attack_of_the_killer_tomatoes,gpt-3.5-turbo,1.0,0.5,0.5
movie,attack_of_the_killer_tomatoes,gpt-4-1106-preview,0.3333333333333333,1.0,-0.6666666666666667
movie,camerons_closet,gpt-3.5-turbo,0.0,0.0,0.0
movie,camerons_closet,gpt-4-1106-preview,0.3333333333333333,0.5,-0.16666666666666669
movie,colors,gpt-3.5-turbo,0.0,0.5,-0.5
movie,condorman,gpt-3.5-turbo,0.3333333333333333,0.5,-0.16666666666666669
movie,condorman,gpt-4-1106-preview,0.6666666666666666,0.5,0.16666666666666663
movie,dantes_peak,gpt-3.5-turbo,0.0,0.0,0.0
movie,dantes_peak,gpt-4-1106-preview,0.3333333333333333,1.0,-0.6666666666666667
movie,duet,gpt-3.5-turbo,1.0,0.5,0.5
movie,duet,gpt-4-1106-preview,0.0,0.5,-0.5
movie,gamera_vs,gpt-3.5-turbo,0.5,,
movie,gamera_vs,gpt-4-1106-preview,0.3333333333333333,,
movie,gattaca,gpt-3.5-turbo,0.0,0.5,-0.5
movie,gratefulness,gpt-3.5-turbo,0.0,0.5,-0.5
movie,hitman,gpt-3.5-turbo,1.0,0.5,0.5
movie,humanit,gpt-3.5-turbo,0.0,0.5,-0.5
movie,inspector_gadget,gpt-3.5-turbo,0.5,1.0,-0.5
movie,inspector_gadget,gpt-4-1106-preview,0.0,1.0,-1.0
movie,jungle_jingles,gpt-3.5-turbo,1.0,1.0,0.0
movie,king,gpt-3.5-turbo,0.0,1.0,-1.0
movie,law_of_desire,gpt-3.5-turbo,0.0,0.5,-0.5
movie,less_than_zero,gpt-3.5-turbo,0.5,0.5,0.0
movie,less_than_zero,gpt-4-1106-preview,0.3333333333333333,1.0,-0.6666666666666667
movie,luna_de_miel,gpt-3.5-turbo,1.0,0.5,0.5
movie,maduve_mane,gpt-3.5-turbo,0.6666666666666666,0.0,0.6666666666666666
movie,marked_woman,gpt-3.5-turbo,0.0,1.0,-1.0
movie,marked_woman,gpt-4-1106-preview,0.6666666666666666,0.5,0.16666666666666663
movie,mera_naam_joker,gpt-3.5-turbo,0.0,0.5,-0.5
movie,mera_naam_joker,gpt-4-1106-preview,0.6666666666666666,0.5,0.16666666666666663
movie,my_neighbor_totoro,gpt-3.5-turbo,0.5,0.5,0.0
movie,my_neighbor_totoro,gpt-4-1106-preview,0.3333333333333333,0.5,-0.16666666666666669
movie,naalu_pennungal,gpt-3.5-turbo,0.0,0.5,-0.5
movie,naalu_pennungal,gpt-4-1106-preview,0.3333333333333333,1.0,-0.6666666666666667
movie,our_gang_follies_of_1938,gpt-3.5-turbo,0.0,0.0,0.0
movie,our_gang_follies_of_1938,gpt-4-1106-preview,0.6666666666666666,0.5,0.16666666666666663
movie,redemption_kickboxer_5,gpt-3.5-turbo,0.5,0.5,0.0
movie,redemption_kickboxer_5,gpt-4-1106-preview,0.0,0.5,-0.5
movie,roots_the_gift,gpt-3.5-turbo,0.5,0.0,0.5
movie,roots_the_gift,gpt-4-1106-preview,0.0,0.0,0.0
movie,shakalaka_boom_boom,gpt-4-1106-preview,0.0,1.0,-1.0
movie,snow_falling_on_cedars,gpt-3.5-turbo,0.0,0.5,-0.5
movie,spacecamp,gpt-3.5-turbo,0.0,0.0,0.0
movie,stardust,gpt-3.5-turbo,1.0,0.5,0.5
movie,streets_of_fire,gpt-3.5-turbo,1.0,0.5,0.5
movie,streets_of_fire,gpt-4-1106-preview,0.3333333333333333,1.0,-0.6666666666666667
movie,tangled,gpt-3.5-turbo,0.5,0.5,0.0
movie,tangled,gpt-4-1106-preview,0.0,1.0,-1.0
movie,the_belles_of_st_trinians,gpt-3.5-turbo,1.0,0.5,0.5
movie,the_curse_of_frankenstein,gpt-3.5-turbo,1.0,0.5,0.5
movie,the_curse_of_frankenstein,gpt-4-1106-preview,0.0,1.0,-1.0
movie,the_hasty_hare,gpt-3.5-turbo,1.0,0.0,1.0
movie,the_journey_of_jared_price,gpt-3.5-turbo,0.0,0.5,-0.5
movie,the_lincoln_lawyer,gpt-3.5-turbo,0.0,0.5,-0.5
movie,the_trap,gpt-3.5-turbo,0.5,0.5,0.0
movie,the_trap,gpt-4-1106-preview,0.6666666666666666,0.5,0.16666666666666663
movie,the_whistle_blower,gpt-3.5-turbo,1.0,0.0,1.0
movie,the_whistle_blower,gpt-4-1106-preview,0.0,0.5,-0.5
movie,ticket_to_heaven,gpt-3.5-turbo,0.5,0.5,0.0
movie,ticket_to_heaven,gpt-4-1106-preview,0.3333333333333333,1.0,-0.6666666666666667
movie,til_there_was_you,gpt-3.5-turbo,0.0,1.0,-1.0
movie,white_wedding,gpt-3.5-turbo,0.0,1.0,-1.0
movie,winchester_73,gpt-3.5-turbo,1.0,1.0,0.0
paper,a_classifierbased_parser_with_li,gpt-3.5-turbo-1106,0.6666666666666666,1.0,-0.33333333333333337
paper,a_classifierbased_parser_with_li,gpt-4-1106-preview,1.0,1.0,0.0
paper,a_comparison_of_vectorbased_repr,gpt-3.5-turbo-1106,0.5,1.0,-0.5
paper,a_comparison_of_vectorbased_repr,gpt-4-1106-preview,1.0,1.0,0.0
paper,a_composite_kernel_to_extract_re,gpt-3.5-turbo-1106,0.5,1.0,-0.5
paper,a_composite_kernel_to_extract_re,gpt-4-1106-preview,0.5,1.0,-0.5
paper,a_corpusbased_approach_for_build,gpt-3.5-turbo-1106,0.3333333333333333,1.0,-0.6666666666666667
paper,a_corpusbased_approach_for_build,gpt-4-1106-preview,0.6666666666666666,1.0,-0.33333333333333337
paper,a_maximum_entropy_model_for_part,gpt-3.5-turbo-1106,1.0,0.0,1.0
paper,a_maximum_entropy_model_for_part,gpt-4-1106-preview,1.0,0.0,1.0
paper,a_monolingual_treebased_translat,gpt-3.5-turbo-1106,0.6666666666666666,1.0,-0.33333333333333337
paper,a_monolingual_treebased_translat,gpt-4-1106-preview,0.6666666666666666,1.0,-0.33333333333333337
paper,a_new_dataset_and_method_for_aut,gpt-3.5-turbo-1106,0.3333333333333333,0.5,-0.16666666666666669
paper,a_new_dataset_and_method_for_aut,gpt-4-1106-preview,0.6666666666666666,1.0,-0.33333333333333337
paper,a_regression_model_of_adjectiven,gpt-3.5-turbo-1106,0.5,0.0,0.5
paper,a_regression_model_of_adjectiven,gpt-4-1106-preview,0.6666666666666666,1.0,-0.33333333333333337
paper,a_sentimental_education_sentimen,gpt-3.5-turbo-1106,1.0,1.0,0.0
paper,a_sentimental_education_sentimen,gpt-4-1106-preview,1.0,1.0,0.0
paper,a_study_on_similarity_and_relate,gpt-3.5-turbo-1106,0.0,1.0,-1.0
paper,a_study_on_similarity_and_relate,gpt-4-1106-preview,0.3333333333333333,1.0,-0.6666666666666667
paper,a_uniform_approach_to_analogies_,gpt-3.5-turbo-1106,1.0,1.0,0.0
paper,a_uniform_approach_to_analogies_,gpt-4-1106-preview,0.3333333333333333,1.0,-0.6666666666666667
paper,an_algorithm_for_generating_quan,gpt-4-1106-preview,0.3333333333333333,1.0,-0.6666666666666667
paper,an_improved_error_model_for_nois,gpt-3.5-turbo-1106,1.0,1.0,0.0
paper,an_improved_error_model_for_nois,gpt-4-1106-preview,0.3333333333333333,1.0,-0.6666666666666667
paper,bayesian_learning_of_a_tree_subs,gpt-3.5-turbo-1106,0.6666666666666666,0.5,0.16666666666666663
paper,bayesian_learning_of_a_tree_subs,gpt-4-1106-preview,0.6666666666666666,1.0,-0.33333333333333337
paper,bayesian_word_sense_induction,gpt-3.5-turbo-1106,0.0,1.0,-1.0
paper,bayesian_word_sense_induction,gpt-4-1106-preview,0.6666666666666666,1.0,-0.33333333333333337
paper,better_hypothesis_testing_for_st,gpt-3.5-turbo-1106,0.5,0.0,0.5
paper,better_hypothesis_testing_for_st,gpt-4-1106-preview,1.0,1.0,0.0
paper,better_kbest_parsing,gpt-3.5-turbo-1106,0.6666666666666666,0.0,0.6666666666666666
paper,better_kbest_parsing,gpt-4-1106-preview,0.6666666666666666,0.5,0.16666666666666663
paper,categorial_unification_grammars,gpt-3.5-turbo-1106,0.3333333333333333,1.0,-0.6666666666666667
paper,categorial_unification_grammars,gpt-4-1106-preview,0.6666666666666666,1.0,-0.33333333333333337
paper,ccgbank_a_corpus_of_ccg_derivati,gpt-4-1106-preview,0.6666666666666666,0.5,0.16666666666666663
paper,chart_generation,gpt-3.5-turbo-1106,1.0,0.5,0.5
paper,chart_generation,gpt-4-1106-preview,0.6666666666666666,0.5,0.16666666666666663
paper,chinese_syntactic_reordering_for,gpt-3.5-turbo-1106,0.3333333333333333,0.0,0.3333333333333333
paper,chinese_syntactic_reordering_for,gpt-4-1106-preview,0.5,0.5,0.0
paper,chunking_with_support_vector_mac,gpt-3.5-turbo-1106,0.3333333333333333,,
paper,chunking_with_support_vector_mac,gpt-4-1106-preview,0.6666666666666666,1.0,-0.33333333333333337
paper,cogniac_high_precision_coreferen,gpt-3.5-turbo-1106,1.0,0.5,0.5
paper,cogniac_high_precision_coreferen,gpt-4-1106-preview,1.0,1.0,0.0
paper,corpus_variation_and_parser_perf,gpt-3.5-turbo-1106,1.0,1.0,0.0
paper,corpus_variation_and_parser_perf,gpt-4-1106-preview,1.0,0.5,0.5
paper,cut_and_paste_based_text_summari,gpt-3.5-turbo-1106,0.5,1.0,-0.5
paper,cut_and_paste_based_text_summari,gpt-4-1106-preview,0.6666666666666666,1.0,-0.33333333333333337
paper,deterministic_dependency_parsing,gpt-3.5-turbo-1106,0.3333333333333333,0.0,0.3333333333333333
paper,deterministic_dependency_parsing,gpt-4-1106-preview,1.0,0.5,0.5
paper,edgebased_bestfirst_chart_parsin,gpt-3.5-turbo-1106,0.3333333333333333,0.0,0.3333333333333333
paper,edgebased_bestfirst_chart_parsin,gpt-4-1106-preview,0.6666666666666666,0.5,0.16666666666666663
paper,efficient_thirdorder_dependency_,gpt-3.5-turbo-1106,0.6666666666666666,1.0,-0.33333333333333337
paper,efficient_thirdorder_dependency_,gpt-4-1106-preview,0.6666666666666666,0.5,0.16666666666666663
paper,evaluating_the_accuracy_of_an_un,gpt-3.5-turbo-1106,0.3333333333333333,0.0,0.3333333333333333
paper,evaluating_the_accuracy_of_an_un,gpt-4-1106-preview,0.6666666666666666,1.0,-0.33333333333333337
paper,extracting_parallel_subsententia,gpt-3.5-turbo-1106,0.3333333333333333,0.5,-0.16666666666666669
paper,extracting_parallel_subsententia,gpt-4-1106-preview,0.5,0.5,0.0
paper,extraposition_grammars,gpt-3.5-turbo-1106,0.5,1.0,-0.5
paper,extraposition_grammars,gpt-4-1106-preview,1.0,1.0,0.0
paper,finding_parts_in_very_large_corp,gpt-3.5-turbo-1106,0.3333333333333333,1.0,-0.6666666666666667
paper,finding_parts_in_very_large_corp,gpt-4-1106-preview,1.0,0.5,0.5
paper,finitestate_transducers_in_langu,gpt-4-1106-preview,0.3333333333333333,1.0,-0.6666666666666667
paper,forest_rescoring_faster_decoding,gpt-3.5-turbo-1106,0.0,0.0,0.0
paper,forest_rescoring_faster_decoding,gpt-4-1106-preview,1.0,1.0,0.0
paper,fully_unsupervised_discovery_of_,gpt-3.5-turbo-1106,0.5,0.5,0.0
paper,fully_unsupervised_discovery_of_,gpt-4-1106-preview,1.0,0.0,1.0
paper,generating_natural_language_summ,gpt-4-1106-preview,0.6666666666666666,1.0,-0.33333333333333337
paper,guided_learning_for_bidirectiona,gpt-3.5-turbo-1106,1.0,0.5,0.5
paper,guided_learning_for_bidirectiona,gpt-4-1106-preview,0.6666666666666666,1.0,-0.33333333333333337
paper,guiding_semisupervision_with_con,gpt-3.5-turbo-1106,0.6666666666666666,1.0,-0.33333333333333337
paper,guiding_semisupervision_with_con,gpt-4-1106-preview,0.6666666666666666,1.0,-0.33333333333333337
paper,improved_automatic_keyword_extra,gpt-3.5-turbo-1106,0.5,0.0,0.5
paper,improved_automatic_keyword_extra,gpt-4-1106-preview,1.0,1.0,0.0
paper,improved_partofspeech_tagging_fo,gpt-3.5-turbo-1106,0.6666666666666666,0.5,0.16666666666666663
paper,improved_partofspeech_tagging_fo,gpt-4-1106-preview,0.6666666666666666,1.0,-0.33333333333333337
paper,improving_machine_translation_pe,gpt-3.5-turbo-1106,,0.0,
paper,improving_machine_translation_pe,gpt-4-1106-preview,0.5,0.0,0.5
paper,incorporating_nonlocal_informati,gpt-3.5-turbo-1106,0.3333333333333333,0.5,-0.16666666666666669
paper,incorporating_nonlocal_informati,gpt-4-1106-preview,0.6666666666666666,1.0,-0.33333333333333337
paper,indirecthmmbased_hypothesis_alig,gpt-3.5-turbo-1106,0.3333333333333333,0.5,-0.16666666666666669
paper,indirecthmmbased_hypothesis_alig,gpt-4-1106-preview,0.6666666666666666,1.0,-0.33333333333333337
paper,information_fusion_in_the_contex,gpt-3.5-turbo-1106,0.6666666666666666,1.0,-0.33333333333333337
paper,information_fusion_in_the_contex,gpt-4-1106-preview,1.0,1.0,0.0
paper,integrating_graphbased_and_trans,gpt-3.5-turbo-1106,0.3333333333333333,1.0,-0.6666666666666667
paper,integrating_graphbased_and_trans,gpt-4-1106-preview,0.6666666666666666,1.0,-0.33333333333333337
paper,integrating_multiple_knowledge_s,gpt-3.5-turbo-1106,0.0,0.0,0.0
paper,integrating_multiple_knowledge_s,gpt-4-1106-preview,0.6666666666666666,0.5,0.16666666666666663
paper,joint_unsupervised_coreference_r,gpt-3.5-turbo-1106,0.5,0.5,0.0
paper,joint_unsupervised_coreference_r,gpt-4-1106-preview,0.6666666666666666,0.5,0.16666666666666663
paper,joshua_an_open_source_toolkit_fo,gpt-3.5-turbo-1106,1.0,0.0,1.0
paper,joshua_an_open_source_toolkit_fo,gpt-4-1106-preview,0.3333333333333333,0.0,0.3333333333333333
paper,knowledgefree_induction_of_morph,gpt-3.5-turbo-1106,0.6666666666666666,1.0,-0.33333333333333337
paper,knowledgefree_induction_of_morph,gpt-4-1106-preview,0.6666666666666666,0.5,0.16666666666666663
paper,learning_subjective_language,gpt-4-1106-preview,0.6666666666666666,1.0,-0.33333333333333337
paper,learning_subjective_nouns_using_,gpt-3.5-turbo-1106,0.3333333333333333,1.0,-0.6666666666666667
paper,learning_subjective_nouns_using_,gpt-4-1106-preview,0.3333333333333333,1.0,-0.6666666666666667
paper,linguistic_regularities_in_conti,gpt-3.5-turbo-1106,0.3333333333333333,0.5,-0.16666666666666669
paper,linguistic_regularities_in_conti,gpt-4-1106-preview,0.0,1.0,-1.0
paper,local_phrase_reordering_models_f,gpt-3.5-turbo-1106,1.0,0.5,0.5
paper,local_phrase_reordering_models_f,gpt-4-1106-preview,0.5,1.0,-0.5
paper,machine_learning_for_coreference,gpt-3.5-turbo-1106,0.3333333333333333,0.5,-0.16666666666666669
paper,machine_learning_for_coreference,gpt-4-1106-preview,0.6666666666666666,0.5,0.16666666666666663
paper,machine_translation_by_triangula,gpt-3.5-turbo-1106,0.5,,
paper,machine_translation_by_triangula,gpt-4-1106-preview,0.6666666666666666,1.0,-0.33333333333333337
paper,meaningful_clustering_of_senses_,gpt-3.5-turbo-1106,0.6666666666666666,0.5,0.16666666666666663
paper,meaningful_clustering_of_senses_,gpt-4-1106-preview,0.6666666666666666,0.5,0.16666666666666663
paper,minimum_error_rate_training_in_s,gpt-3.5-turbo-1106,0.6666666666666666,0.5,0.16666666666666663
paper,minimum_error_rate_training_in_s,gpt-4-1106-preview,0.3333333333333333,0.5,-0.16666666666666669
paper,modeling_local_coherence_an_enti,gpt-4-1106-preview,1.0,1.0,0.0
paper,multitext_grammars_and_synchrono,gpt-3.5-turbo-1106,1.0,0.5,0.5
paper,multitext_grammars_and_synchrono,gpt-4-1106-preview,1.0,0.5,0.5
paper,named_entity_recognition_using_a,gpt-3.5-turbo-1106,0.0,0.0,0.0
paper,named_entity_recognition_using_a,gpt-4-1106-preview,0.0,0.0,0.0
paper,named_entity_recognition_with_ch,gpt-3.5-turbo-1106,1.0,0.0,1.0
paper,named_entity_recognition_with_ch,gpt-4-1106-preview,0.6666666666666666,0.5,0.16666666666666663
paper,nltk_the_natural_language_toolki,gpt-3.5-turbo-1106,0.3333333333333333,1.0,-0.6666666666666667
paper,nltk_the_natural_language_toolki,gpt-4-1106-preview,0.6666666666666666,0.5,0.16666666666666663
paper,parsing_the_wall_street_journal_,gpt-3.5-turbo-1106,0.6666666666666666,1.0,-0.33333333333333337
paper,parsing_the_wall_street_journal_,gpt-4-1106-preview,0.6666666666666666,1.0,-0.33333333333333337
paper,personalizing_pagerank_for_word_,gpt-3.5-turbo-1106,1.0,1.0,0.0
paper,personalizing_pagerank_for_word_,gpt-4-1106-preview,0.3333333333333333,1.0,-0.6666666666666667
paper,phrasal_cohesion_and_statistical,gpt-3.5-turbo-1106,1.0,1.0,0.0
paper,phrasal_cohesion_and_statistical,gpt-4-1106-preview,0.3333333333333333,1.0,-0.6666666666666667
paper,pronunciation_modeling_for_impro,gpt-3.5-turbo-1106,0.3333333333333333,0.5,-0.16666666666666669
paper,pronunciation_modeling_for_impro,gpt-4-1106-preview,0.6666666666666666,0.5,0.16666666666666663
paper,prototypedriven_learning_for_seq,gpt-3.5-turbo-1106,0.6666666666666666,0.0,0.6666666666666666
paper,prototypedriven_learning_for_seq,gpt-4-1106-preview,1.0,0.0,1.0
paper,randomised_language_modelling_fo,gpt-3.5-turbo-1106,0.5,0.5,0.0
paper,randomised_language_modelling_fo,gpt-4-1106-preview,0.6666666666666666,1.0,-0.33333333333333337
paper,regular_models_of_phonological_r,gpt-4-1106-preview,0.6666666666666666,1.0,-0.33333333333333337
paper,representing_text_chunks,gpt-3.5-turbo-1106,0.6666666666666666,1.0,-0.33333333333333337
paper,representing_text_chunks,gpt-4-1106-preview,0.5,1.0,-0.5
paper,reranking_and_selftraining_for_p,gpt-3.5-turbo-1106,0.0,1.0,-1.0
paper,reranking_and_selftraining_for_p,gpt-4-1106-preview,1.0,1.0,0.0
paper,semeval2010_task_13_tempeval2,gpt-3.5-turbo-1106,1.0,1.0,0.0
paper,semeval2010_task_13_tempeval2,gpt-4-1106-preview,1.0,1.0,0.0
paper,semiring_parsing,gpt-4-1106-preview,0.6666666666666666,1.0,-0.33333333333333337
paper,sentence_level_discourse_parsing,gpt-3.5-turbo-1106,0.0,0.0,0.0
paper,sentence_level_discourse_parsing,gpt-4-1106-preview,0.6666666666666666,0.0,0.6666666666666666
paper,soft_syntactic_constraints_for_w,gpt-3.5-turbo-1106,1.0,1.0,0.0
paper,soft_syntactic_constraints_for_w,gpt-4-1106-preview,0.3333333333333333,1.0,-0.6666666666666667
paper,statistical_decisiontree_models_,gpt-3.5-turbo-1106,0.0,0.0,0.0
paper,statistical_decisiontree_models_,gpt-4-1106-preview,1.0,0.0,1.0
paper,statistical_machine_translation_,gpt-3.5-turbo-1106,0.6666666666666666,1.0,-0.33333333333333337
paper,statistical_machine_translation_,gpt-4-1106-preview,0.5,1.0,-0.5
paper,stochastic_lexicalized_treeadjoi,gpt-3.5-turbo-1106,1.0,,
paper,stochastic_lexicalized_treeadjoi,gpt-4-1106-preview,0.5,0.0,0.5
paper,tailoring_word_alignments_to_syn,gpt-3.5-turbo-1106,0.0,0.5,-0.5
paper,tailoring_word_alignments_to_syn,gpt-4-1106-preview,0.6666666666666666,1.0,-0.33333333333333337
paper,text_chunking_using_transformati,gpt-3.5-turbo-1106,0.0,0.0,0.0
paper,text_chunking_using_transformati,gpt-4-1106-preview,0.6666666666666666,1.0,-0.33333333333333337
paper,the_alignment_template_approach_,gpt-4-1106-preview,1.0,0.5,0.5
paper,the_grammar_matrix_an_opensource,gpt-3.5-turbo-1106,1.0,1.0,0.0
paper,the_grammar_matrix_an_opensource,gpt-4-1106-preview,0.3333333333333333,0.5,-0.16666666666666669
paper,the_icsi_meeting_recorder_dialog,gpt-3.5-turbo-1106,0.5,1.0,-0.5
paper,the_icsi_meeting_recorder_dialog,gpt-4-1106-preview,1.0,0.5,0.5
paper,the_reliability_of_a_dialogue_st,gpt-3.5-turbo-1106,0.3333333333333333,0.5,-0.16666666666666669
paper,the_reliability_of_a_dialogue_st,gpt-4-1106-preview,0.6666666666666666,0.5,0.16666666666666663
paper,the_second_release_of_the_rasp_s,gpt-3.5-turbo-1106,0.0,0.0,0.0
paper,the_second_release_of_the_rasp_s,gpt-4-1106-preview,0.6666666666666666,1.0,-0.33333333333333337
paper,transductive_learning_for_statis,gpt-3.5-turbo-1106,0.3333333333333333,0.5,-0.16666666666666669
paper,transductive_learning_for_statis,gpt-4-1106-preview,0.3333333333333333,0.0,0.3333333333333333
paper,two_languages_are_better_than_on,gpt-3.5-turbo-1106,0.5,0.0,0.5
paper,two_languages_are_better_than_on,gpt-4-1106-preview,0.6666666666666666,0.0,0.6666666666666666
paper,unsupervised_discovery_of_morphe,gpt-3.5-turbo-1106,0.0,1.0,-1.0
paper,unsupervised_discovery_of_morphe,gpt-4-1106-preview,0.3333333333333333,1.0,-0.6666666666666667
paper,unsupervised_learning_of_disambi,gpt-3.5-turbo-1106,1.0,0.5,0.5
paper,unsupervised_learning_of_disambi,gpt-4-1106-preview,0.6666666666666666,1.0,-0.33333333333333337
paper,unsupervised_multilingual_learni,gpt-3.5-turbo-1106,0.5,0.0,0.5
paper,unsupervised_multilingual_learni,gpt-4-1106-preview,0.3333333333333333,1.0,-0.6666666666666667
paper,vectorbased_models_of_semantic_c,gpt-3.5-turbo-1106,0.6666666666666666,0.0,0.6666666666666666
paper,vectorbased_models_of_semantic_c,gpt-4-1106-preview,0.3333333333333333,1.0,-0.6666666666666667
paper,whats_in_a_translation_rule,gpt-3.5-turbo-1106,0.3333333333333333,0.5,-0.16666666666666669
paper,whats_in_a_translation_rule,gpt-4-1106-preview,0.6666666666666666,1.0,-0.33333333333333337
paper,widecoverage_efficient_statistic,gpt-4-1106-preview,0.6666666666666666,0.0,0.6666666666666666
product,12_pack_cheesecloth_table_runner,gpt-3.5-turbo,0.5,1.0,-0.5
product,12_pack_cheesecloth_table_runner,gpt-4-1106-preview,0.0,1.0,-1.0
product,2,gpt-3.5-turbo,0.3333333333333333,,
product,2,gpt-4-1106-preview,0.0,,
product,2_set_157_gold_circle_mirrors_wa,gpt-3.5-turbo,0.0,0.5,-0.5
product,2_set_157_gold_circle_mirrors_wa,gpt-4-1106-preview,0.0,1.0,-1.0
product,3pack_italy_travel_power_adapter,gpt-3.5-turbo,0.3333333333333333,0.5,-0.16666666666666669
product,3pack_italy_travel_power_adapter,gpt-4-1106-preview,0.0,0.75,-0.75
product,4in1_kitchen_knife_accessories_3,gpt-3.5-turbo,0.6666666666666666,0.5,0.16666666666666663
product,4in1_kitchen_knife_accessories_3,gpt-4-1106-preview,0.0,1.0,-1.0
product,5_pairs_natural_bamboo_reusable_,gpt-3.5-turbo,0.0,0.5,-0.5
product,5_pairs_natural_bamboo_reusable_,gpt-4-1106-preview,0.0,1.0,-1.0
product,6pack3366610_ft_original_apple_m,gpt-3.5-turbo,0.5,1.0,-0.5
product,6pack3366610_ft_original_apple_m,gpt-4-1106-preview,0.5,1.0,-0.5
product,amazon_basics_easy_grip_workout_,gpt-3.5-turbo,0.0,1.0,-1.0
product,amazon_basics_easy_grip_workout_,gpt-4-1106-preview,0.5,1.0,-0.5
product,amazon_basics_flextra_tall_kitch,gpt-3.5-turbo,0.6666666666666666,1.0,-0.33333333333333337
product,amazon_basics_flextra_tall_kitch,gpt-4-1106-preview,0.0,0.75,-0.75
product,amazon_brand__presto_flexasize_p,gpt-3.5-turbo,0.3333333333333333,0.75,-0.4166666666666667
product,amazon_brand__presto_flexasize_p,gpt-4-1106-preview,0.0,1.0,-1.0
product,apple_2023_macbook_pro_laptop_m2,gpt-3.5-turbo,0.0,0.25,-0.25
product,apple_2023_macbook_pro_laptop_m2,gpt-4-1106-preview,1.0,0.5,0.5
product,ariceleo_led_fairy_lights_batter,gpt-3.5-turbo,0.5,1.0,-0.5
product,ariceleo_led_fairy_lights_batter,gpt-4-1106-preview,0.0,1.0,-1.0
product,avapow_car_jump_starter_4000a_pe,gpt-3.5-turbo,0.6666666666666666,0.5,0.16666666666666663
product,avapow_car_jump_starter_4000a_pe,gpt-4-1106-preview,0.5,1.0,-0.5
product,bakugan_battle_arena_with_exclus,gpt-3.5-turbo,0.3333333333333333,0.5,-0.16666666666666669
product,bakugan_battle_arena_with_exclus,gpt-4-1106-preview,1.0,0.5,0.5
product,barbie_bluray__digital,gpt-3.5-turbo,0.3333333333333333,1.0,-0.6666666666666667
product,barbie_bluray__digital,gpt-4-1106-preview,1.0,1.0,0.0
product,bingopaw_playpen_welded_wire_dog,gpt-3.5-turbo,0.3333333333333333,0.5,-0.16666666666666669
product,bingopaw_playpen_welded_wire_dog,gpt-4-1106-preview,1.0,0.75,0.25
product,bissell_crosswave_cordless_max_a,gpt-3.5-turbo,0.3333333333333333,0.25,0.08333333333333331
product,bissell_crosswave_cordless_max_a,gpt-4-1106-preview,0.5,0.75,-0.25
product,blisstrends_foot_rest_for_under_,gpt-3.5-turbo,0.0,0.5,-0.5
product,blisstrends_foot_rest_for_under_,gpt-4-1106-preview,0.0,0.75,-0.75
product,board_game_azul,gpt-3.5-turbo,0.3333333333333333,0.25,0.08333333333333331
product,board_game_azul,gpt-4-1106-preview,0.0,1.0,-1.0
product,bose_soundlink_flex_bluetooth_sp,gpt-3.5-turbo,0.3333333333333333,0.5,-0.16666666666666669
product,bose_soundlink_flex_bluetooth_sp,gpt-4-1106-preview,0.0,1.0,-1.0
product,breylee_aloe_vera_eye_mask_60_pc,gpt-3.5-turbo,0.5,0.5,0.0
product,breylee_aloe_vera_eye_mask_60_pc,gpt-4-1106-preview,0.0,1.0,-1.0
product,bulova_mens_marine_star_gold_chr,gpt-3.5-turbo,0.6666666666666666,0.5,0.16666666666666663
product,bulova_mens_marine_star_gold_chr,gpt-4-1106-preview,0.5,1.0,-0.5
product,cartman_39_piece_tool_set_genera,gpt-3.5-turbo,0.0,0.75,-0.75
product,cartman_39_piece_tool_set_genera,gpt-4-1106-preview,0.0,1.0,-1.0
product,christmas_coffee_spoons_set_of_8,gpt-3.5-turbo,0.0,0.75,-0.75
product,christmas_coffee_spoons_set_of_8,gpt-4-1106-preview,0.0,1.0,-1.0
product,clementine_apparel__girls_and_wo,gpt-3.5-turbo,1.0,0.75,0.25
product,clementine_apparel__girls_and_wo,gpt-4-1106-preview,0.5,1.0,-0.5
product,cordless_handheld_standard_range,gpt-3.5-turbo,0.3333333333333333,0.5,-0.16666666666666669
product,cordless_handheld_standard_range,gpt-4-1106-preview,0.0,1.0,-1.0
product,cosori_food_dehydrator_for_jerky,gpt-3.5-turbo,0.3333333333333333,0.5,-0.16666666666666669
product,cosori_food_dehydrator_for_jerky,gpt-4-1106-preview,0.5,0.5,0.0
product,cozsinoor_queen_size_cooling_bed,gpt-3.5-turbo,0.5,0.25,0.25
product,cozsinoor_queen_size_cooling_bed,gpt-4-1106-preview,0.0,1.0,-1.0
product,darkecho_gaming_office_chair_wit,gpt-3.5-turbo,0.5,0.25,0.25
product,darkecho_gaming_office_chair_wit,gpt-4-1106-preview,0.5,0.5,0.0
product,dewalt_20v_max_cordless_drill_an,gpt-3.5-turbo,0.3333333333333333,0.5,-0.16666666666666669
product,dewalt_20v_max_cordless_drill_an,gpt-4-1106-preview,0.0,0.75,-0.75
product,electronic_organizer_travel_usb_,gpt-3.5-turbo,0.6666666666666666,0.5,0.16666666666666663
product,electronic_organizer_travel_usb_,gpt-4-1106-preview,0.5,1.0,-0.5
product,etekcity_digital_bathroom_scale_,gpt-3.5-turbo,0.5,,
product,etekcity_digital_bathroom_scale_,gpt-4-1106-preview,1.0,,
product,fabric_resistance_bands_for_work,gpt-3.5-turbo,0.0,1.0,-1.0
product,fabric_resistance_bands_for_work,gpt-4-1106-preview,1.0,1.0,0.0
product,fionout_banana_duck_plush_pillow,gpt-3.5-turbo,0.5,1.0,-0.5
product,fionout_banana_duck_plush_pillow,gpt-4-1106-preview,1.0,1.0,0.0
product,fisherprice_dc_batwheels_155_sca,gpt-3.5-turbo,0.6666666666666666,0.5,0.16666666666666663
product,fisherprice_dc_batwheels_155_sca,gpt-4-1106-preview,1.0,1.0,0.0
product,gaiam_essentials_thick_yoga_mat_,gpt-3.5-turbo,0.6666666666666666,1.0,-0.33333333333333337
product,gaiam_essentials_thick_yoga_mat_,gpt-4-1106-preview,0.5,1.0,-0.5
product,gama_italy_professional_hair_dry,gpt-3.5-turbo,0.0,0.5,-0.5
product,gama_italy_professional_hair_dry,gpt-4-1106-preview,0.0,1.0,-1.0
product,garmin_instinct_2_solar_surfedit,gpt-3.5-turbo,0.3333333333333333,0.25,0.08333333333333331
product,garmin_instinct_2_solar_surfedit,gpt-4-1106-preview,1.0,0.5,0.5
product,giant_fly_glue_trap_by_catchmast,gpt-3.5-turbo,0.0,0.75,-0.75
product,giant_fly_glue_trap_by_catchmast,gpt-4-1106-preview,1.0,0.75,0.25
product,gigizaza_gold_velvet_decorative_,gpt-3.5-turbo,1.0,0.75,0.25
product,gigizaza_gold_velvet_decorative_,gpt-4-1106-preview,0.5,1.0,-0.5
product,gorilla_carts_gor400com_steel_ga,gpt-3.5-turbo,0.3333333333333333,0.0,0.3333333333333333
product,gorilla_carts_gor400com_steel_ga,gpt-4-1106-preview,0.0,1.0,-1.0
product,hammam_linen_white_bath_towels_4,gpt-3.5-turbo,0.6666666666666666,0.75,-0.08333333333333337
product,hammam_linen_white_bath_towels_4,gpt-4-1106-preview,0.0,1.0,-1.0
product,hasbro_gaming_taboo_kids_vs,gpt-3.5-turbo,0.3333333333333333,,
product,hasbro_gaming_taboo_kids_vs,gpt-4-1106-preview,1.0,,
product,heytoo_9inch_glitter_women_handh,gpt-3.5-turbo,1.0,0.5,0.5
product,heytoo_9inch_glitter_women_handh,gpt-4-1106-preview,0.0,1.0,-1.0
product,hotec_stainless_steel_kitchen_to,gpt-3.5-turbo,0.3333333333333333,0.25,0.08333333333333331
product,hotec_stainless_steel_kitchen_to,gpt-4-1106-preview,0.0,1.0,-1.0
product,hydroponics_growing_system_12_po,gpt-3.5-turbo,0.6666666666666666,0.5,0.16666666666666663
product,hydroponics_growing_system_12_po,gpt-4-1106-preview,0.5,0.5,0.0
product,jack_and_jones_mens_basic_vneck_,gpt-3.5-turbo,,,
product,jack_and_jones_mens_basic_vneck_,gpt-4-1106-preview,1.0,,
product,jack_henry_cleanse_hair_shampoo_,gpt-3.5-turbo,0.5,0.75,-0.25
product,jack_henry_cleanse_hair_shampoo_,gpt-4-1106-preview,0.0,1.0,-1.0
product,julep_eyeshadow_101_crme_to_powd,gpt-3.5-turbo,0.0,0.5,-0.5
product,julep_eyeshadow_101_crme_to_powd,gpt-4-1106-preview,0.0,1.0,-1.0
product,jump_rope_tanglefree_rapid_speed,gpt-3.5-turbo,0.0,0.0,0.0
product,jump_rope_tanglefree_rapid_speed,gpt-4-1106-preview,0.0,0.75,-0.75
product,just_my_size_wireless_bra_pack_f,gpt-3.5-turbo,0.0,0.25,-0.25
product,just_my_size_wireless_bra_pack_f,gpt-4-1106-preview,0.0,1.0,-1.0
product,keurig_kcompact_singleserve_kcup,gpt-3.5-turbo,0.0,0.25,-0.25
product,keurig_kcompact_singleserve_kcup,gpt-4-1106-preview,0.0,0.75,-0.75
product,ki_puzzle_1000_piece_puzzle_for_,gpt-3.5-turbo,0.5,0.75,-0.25
product,ki_puzzle_1000_piece_puzzle_for_,gpt-4-1106-preview,0.0,0.75,-0.75
product,kissair_compact_1500w750w_space_,gpt-3.5-turbo,0.3333333333333333,0.0,0.3333333333333333
product,kissair_compact_1500w750w_space_,gpt-4-1106-preview,0.0,0.75,-0.75
product,kitchedaid_5_more_then_20_color_,gpt-3.5-turbo,0.3333333333333333,0.375,-0.041666666666666685
product,kitchedaid_5_more_then_20_color_,gpt-4-1106-preview,0.5,0.625,-0.125
product,kitchenaid_5_ultra_power_speed_h,gpt-3.5-turbo,0.3333333333333333,0.5,-0.16666666666666669
product,kitchenaid_5_ultra_power_speed_h,gpt-4-1106-preview,0.5,1.0,-0.5
product,legendary_whitetails_mens_buck_c,gpt-3.5-turbo,0.5,0.5,0.0
product,legendary_whitetails_mens_buck_c,gpt-4-1106-preview,0.0,0.5,-0.5
product,lincoln_electric_leather_welding,gpt-3.5-turbo,0.3333333333333333,0.75,-0.4166666666666667
product,lincoln_electric_leather_welding,gpt-4-1106-preview,0.0,1.0,-1.0
product,lk_2_pack_for_google_pixel_8_scr,gpt-3.5-turbo,0.0,0.5,-0.5
product,lk_2_pack_for_google_pixel_8_scr,gpt-4-1106-preview,0.0,1.0,-1.0
product,logitech_trackman_marble_2017_tr,gpt-3.5-turbo,0.6666666666666666,1.0,-0.33333333333333337
product,logitech_trackman_marble_2017_tr,gpt-4-1106-preview,0.0,1.0,-1.0
product,lowrance_hook_reveal_9_inch_fish,gpt-3.5-turbo,0.6666666666666666,0.75,-0.08333333333333337
product,lowrance_hook_reveal_9_inch_fish,gpt-4-1106-preview,0.5,1.0,-0.5
product,maga_hat_make_america_great_agai,gpt-3.5-turbo,1.0,1.0,0.0
product,maga_hat_make_america_great_agai,gpt-4-1106-preview,1.0,1.0,0.0
product,mainstays_cool_mist_humidifier_1,gpt-3.5-turbo,0.0,0.5,-0.5
product,mainstays_cool_mist_humidifier_1,gpt-4-1106-preview,0.0,0.75,-0.75
product,manicure_set_personal_care_nail_,gpt-3.5-turbo,0.0,1.0,-1.0
product,manicure_set_personal_care_nail_,gpt-4-1106-preview,0.5,1.0,-0.5
product,maskiss_25pairs_24k_gold_under_e,gpt-3.5-turbo,0.0,0.5,-0.5
product,maskiss_25pairs_24k_gold_under_e,gpt-4-1106-preview,0.5,1.0,-0.5
product,matein_17_inch_laptop_backpack_t,gpt-3.5-turbo,0.3333333333333333,0.5,-0.16666666666666669
product,matein_17_inch_laptop_backpack_t,gpt-4-1106-preview,0.5,1.0,-0.5
product,metene_shower_brush_with_soft_an,gpt-3.5-turbo,0.0,0.5,-0.5
product,metene_shower_brush_with_soft_an,gpt-4-1106-preview,0.0,1.0,-1.0
product,midwest_homes_for_pets_hamster_c,gpt-3.5-turbo,0.3333333333333333,0.5,-0.16666666666666669
product,midwest_homes_for_pets_hamster_c,gpt-4-1106-preview,0.5,1.0,-0.5
product,oannao_silicone_cooking_utensils,gpt-3.5-turbo,0.0,0.0,0.0
product,oannao_silicone_cooking_utensils,gpt-4-1106-preview,0.0,0.75,-0.75
product,olive_oil_sprayer_for_cooking_20,gpt-3.5-turbo,0.3333333333333333,0.75,-0.4166666666666667
product,olive_oil_sprayer_for_cooking_20,gpt-4-1106-preview,0.0,1.0,-1.0
product,ottsuls_shepherdhooks_adjustable,gpt-3.5-turbo,0.0,0.5,-0.5
product,ottsuls_shepherdhooks_adjustable,gpt-4-1106-preview,0.0,0.75,-0.75
product,owala_freesip_insulated_stainles,gpt-3.5-turbo,0.3333333333333333,0.5,-0.16666666666666669
product,owala_freesip_insulated_stainles,gpt-4-1106-preview,0.0,0.5,-0.5
product,philips_sonicare_4100_power_toot,gpt-3.5-turbo,0.3333333333333333,1.0,-0.6666666666666667
product,philips_sonicare_4100_power_toot,gpt-4-1106-preview,0.0,1.0,-1.0
product,plugo_stem_pack_by_playshifu__co,gpt-3.5-turbo,0.3333333333333333,0.5,-0.16666666666666669
product,plugo_stem_pack_by_playshifu__co,gpt-4-1106-preview,0.5,0.5,0.0
product,prelit_artificial_christmas_wrea,gpt-3.5-turbo,0.0,0.5,-0.5
product,prelit_artificial_christmas_wrea,gpt-4-1106-preview,0.0,1.0,-1.0
product,rayban_rb2180_round_sunglasses,gpt-3.5-turbo,0.6666666666666666,0.75,-0.08333333333333337
product,rayban_rb2180_round_sunglasses,gpt-4-1106-preview,0.5,1.0,-0.5
product,raymate_bluetooth_speakers_pair_,gpt-3.5-turbo,0.3333333333333333,0.75,-0.4166666666666667
product,raymate_bluetooth_speakers_pair_,gpt-4-1106-preview,0.0,1.0,-1.0
product,realspace_magellan_59w_managers_,gpt-3.5-turbo,0.0,0.5,-0.5
product,realspace_magellan_59w_managers_,gpt-4-1106-preview,0.5,1.0,-0.5
product,redragon_k617_fizz_60_wired_rgb_,gpt-3.5-turbo,0.0,0.75,-0.75
product,redragon_k617_fizz_60_wired_rgb_,gpt-4-1106-preview,0.5,1.0,-0.5
product,rokid_ar_joy_pack_ar_glasses_and,gpt-3.5-turbo,0.5,0.25,0.25
product,rokid_ar_joy_pack_ar_glasses_and,gpt-4-1106-preview,0.0,1.0,-1.0
product,roundfire_concrete_tabletop_fire,gpt-3.5-turbo,0.0,0.5,-0.5
product,roundfire_concrete_tabletop_fire,gpt-4-1106-preview,0.5,1.0,-0.5
product,sitmod_gaming_chairs_for_adults_,gpt-3.5-turbo,0.0,0.75,-0.75
product,sitmod_gaming_chairs_for_adults_,gpt-4-1106-preview,0.5,0.75,-0.25
product,sleep_headphones_3d_sleep_mask_b,gpt-3.5-turbo,0.5,0.75,-0.25
product,sleep_headphones_3d_sleep_mask_b,gpt-4-1106-preview,0.5,0.75,-0.25
product,soundcore_by_anker_sleep_a10_blu,gpt-3.5-turbo,0.3333333333333333,0.75,-0.4166666666666667
product,soundcore_by_anker_sleep_a10_blu,gpt-4-1106-preview,0.5,0.75,-0.25
product,sqarr_mini_glass_prep_pinch_bowl,gpt-3.5-turbo,0.5,1.0,-0.5
product,sqarr_mini_glass_prep_pinch_bowl,gpt-4-1106-preview,0.0,1.0,-1.0
product,squirrel_housenesting_box_cedar_,gpt-3.5-turbo,0.0,0.25,-0.25
product,squirrel_housenesting_box_cedar_,gpt-4-1106-preview,0.5,1.0,-0.5
product,stainless_steel_refrigerator_sho,gpt-3.5-turbo,0.6666666666666666,1.0,-0.33333333333333337
product,stainless_steel_refrigerator_sho,gpt-4-1106-preview,0.5,1.0,-0.5
product,steelseries_usbapex5hybrid_mecha,gpt-3.5-turbo,0.0,0.5,-0.5
product,steelseries_usbapex5hybrid_mecha,gpt-4-1106-preview,0.0,0.75,-0.75
product,suclain_set_of_12_christmas_nati,gpt-3.5-turbo,0.3333333333333333,0.25,0.08333333333333331
product,suclain_set_of_12_christmas_nati,gpt-4-1106-preview,0.0,0.75,-0.75
product,suphanlin_4_pack_snake_repellent,gpt-3.5-turbo,0.5,0.5,0.0
product,suphanlin_4_pack_snake_repellent,gpt-4-1106-preview,1.0,1.0,0.0
product,thames__kosmos_motors__generator,gpt-3.5-turbo,0.3333333333333333,0.75,-0.4166666666666667
product,thames__kosmos_motors__generator,gpt-4-1106-preview,0.5,1.0,-0.5
product,thames__kosmos_structural_engine,gpt-3.5-turbo,0.0,0.25,-0.25
product,thames__kosmos_structural_engine,gpt-4-1106-preview,0.0,0.5,-0.5
product,the_republic_of_tea__limitededit,gpt-3.5-turbo,0.3333333333333333,0.5,-0.16666666666666669
product,the_republic_of_tea__limitededit,gpt-4-1106-preview,0.5,1.0,-0.5
product,ticonderoga_woodcased_pencils_pr,gpt-3.5-turbo,0.5,0.5,0.0
product,ticonderoga_woodcased_pencils_pr,gpt-4-1106-preview,0.0,0.75,-0.75
product,tosy_flying_disc__16_million_col,gpt-3.5-turbo,0.0,0.5,-0.5
product,tosy_flying_disc__16_million_col,gpt-4-1106-preview,0.0,0.75,-0.75
product,travelhouse_underseat_hardshell_,gpt-3.5-turbo,0.0,0.5,-0.5
product,travelhouse_underseat_hardshell_,gpt-4-1106-preview,0.5,1.0,-0.5
product,tscomon_41_cat_house_cat_tree_fo,gpt-3.5-turbo,0.5,0.5,0.0
product,tscomon_41_cat_house_cat_tree_fo,gpt-4-1106-preview,0.5,1.0,-0.5
product,ttolbi_door_leg_stretcher_stretc,gpt-3.5-turbo,1.0,1.0,0.0
product,ttolbi_door_leg_stretcher_stretc,gpt-4-1106-preview,0.5,1.0,-0.5
product,ucanbe_athena_face_body_paint_oi,gpt-3.5-turbo,0.6666666666666666,1.0,-0.33333333333333337
product,ucanbe_athena_face_body_paint_oi,gpt-4-1106-preview,0.5,1.0,-0.5
product,upgradedkizjorya_dance_mat_for_k,gpt-3.5-turbo,0.3333333333333333,0.0,0.3333333333333333
product,upgradedkizjorya_dance_mat_for_k,gpt-4-1106-preview,0.5,0.25,0.25
product,vans_womens_doheny_platform_snea,gpt-3.5-turbo,1.0,1.0,0.0
product,vans_womens_doheny_platform_snea,gpt-4-1106-preview,1.0,1.0,0.0
product,walkers_razor_slim_earmuffs_dyna,gpt-3.5-turbo,0.0,0.75,-0.75
product,walkers_razor_slim_earmuffs_dyna,gpt-4-1106-preview,0.0,1.0,-1.0
product,wedding_planner_book_and_organiz,gpt-3.5-turbo,0.0,0.25,-0.25
product,wedding_planner_book_and_organiz,gpt-4-1106-preview,1.0,0.5,0.5
product,yamiu_travel_shoe_bags_set_of_4_,gpt-3.5-turbo,0.0,0.75,-0.75
product,yamiu_travel_shoe_bags_set_of_4_,gpt-4-1106-preview,0.0,1.0,-1.0
product,yes4all_premium_surf_balance_boa,gpt-3.5-turbo,0.6666666666666666,0.5,0.16666666666666663
product,yes4all_premium_surf_balance_boa,gpt-4-1106-preview,0.0,1.0,-1.0
product,yeswelder_true_color_solar_power,gpt-3.5-turbo,0.3333333333333333,0.75,-0.4166666666666667
product,yeswelder_true_color_solar_power,gpt-4-1106-preview,0.0,1.0,-1.0
product,yingzhao_set_of_5_poinsettia_chr,gpt-3.5-turbo,0.0,0.25,-0.25
product,yingzhao_set_of_5_poinsettia_chr,gpt-4-1106-preview,0.5,1.0,-0.5
product,yiview_sleep_mask_for_men_women_,gpt-3.5-turbo,0.3333333333333333,0.5,-0.16666666666666669
product,yiview_sleep_mask_for_men_women_,gpt-4-1106-preview,0.5,0.75,-0.25
product,zuzuan_2_piece_hammer_setinclude,gpt-3.5-turbo,0.3333333333333333,0.0,0.3333333333333333
product,zuzuan_2_piece_hammer_setinclude,gpt-4-1106-preview,0.0,1.0,-1.0
